Name,Lon,Lat
Coming soon: S 4 St & Rodney St,-73.95608,40.70934
Coming soon: E 63 St & York Ave ,-73.95748565,40.76120833
Coming soon: 5 Ave & E 73 St ,-73.96685276,40.77282817
Coming soon: E 76 St & Park Ave ,-73.96238658,40.77383304
Coming soon: 5 Ave & E 79th St ,-73.963887691498,40.7768286344
Coming soon: E 81 St & York Ave ,-73.94989233,40.7728384
Coming soon: 3 Ave & E 71 St,-73.96119945,40.76873687
Coming soon: 2 Ave & E 71 St ,-73.95894421,40.76783061
Coming soon: E 77 St & 3 Ave,-73.95856158,40.77314236
Coming soon: Lexington Ave & E 63 St ,-73.96648977,40.76440023
Coming soon: East End Ave & E 86 St ,-73.94446054,40.77518615
Coming soon: W 76 St & Columbus Ave ,-73.977285325527,40.780183972424
Coming soon: W 78 St & Broadway ,-73.98093133,40.78339981
Coming soon: Riverside Dr & W 72 St ,-73.985624313354,40.780577990103
Coming soon: Amsterdam Ave & W 73rd Street,-73.980930447578,40.779668090073
Coming soon: Central Park West & W 85 St ,-73.96961715,40.78472675
Coming soon: Amsterdam Ave & W 82 St ,-73.97667321,40.78524672
Coming soon: Riverside Blvd & W 67 St,-73.988885879517,40.777507027548
Coming soon: W 82 St & Central Park West,-73.97137,40.78275
